Month_Index,Predicted_Sales
48,63518.03997520516
49,64203.28381870007
50,64888.52766219498
51,65573.77150568989
52,66259.0153491848
53,66944.25919267972
54,67629.50303617463
55,68314.74687966955
56,68999.99072316446
57,69685.23456665938
58,70370.47841015428
59,71055.72225364919
